{
  "thresholds": {
    "dur": [
      0.001033,
      0.003592,
      0.026416,
      0.3341505,
      1.1066392000000007,
      1.7808912999999997
    ],
    "sbytes": [
      146.0,
      424.0,
      1684.0,
      3728.0,
      8928.0,
      24640.0
    ],
    "dbytes": [
      178.0,
      304.0,
      3080.0,
      19918.0,
      50996.0,
      82278.0
    ],
    "sttl": [
      31.0,
      254.0
    ],
    "dttl": [
      29.0
    ],
    "sload": [
      11527.0,
      80776.88672,
      540740.75,
      1095754.9375,
      2363781.8500000015,
      10076643.19999993
    ],
    "dload": [
      11468.305662000004,
      76321.9375,
      669180.25,
      3835414.0,
      11152112.6,
      13983695.099999998
    ],
    "spkts": [
      2.0,
      4.0,
      16.0,
      48.0,
      72.0,
      122.0
    ],
    "dpkts": [
      2.0,
      4.0,
      18.0,
      46.0,
      74.0,
      126.0
    ],
    "smeansz": [
      56.0,
      62.0,
      73.0,
      128.0,
      178.0,
      638.0
    ],
    "dmeansz": [
      69.0,
      81.0,
      117.0,
      565.0,
      796.0,
      943.0
    ],
    "tcprtt": [
      0.0,
      0.000646,
      0.000717,
      0.000835,
      0.001987
    ],
    "synack": [
      0.0,
      0.000512,
      0.000567,
      0.000643,
      0.001516
    ],
    "ackdat": [
      0.0,
      0.000127,
      0.000144,
      0.000169,
      0.00064
    ],
    "sjit": [
      0.0,
      31.407399,
      746.5990085,
      6104.438559000009,
      9375.046363299987
    ],
    "djit": [
      0.0,
      0.320792,
      18.822238,
      82.0427375,
      2328.747132600013,
      7681.1502006
    ],
    "ct_srv_src": [
      1.0,
      2.0,
      4.0,
      7.0,
      11.0,
      14.0
    ],
    "ct_srv_dst": [
      1.0,
      2.0,
      4.0,
      7.0,
      10.0,
      13.0
    ],
    "ct_dst_ltm": [
      1.0,
      2.0,
      3.0,
      5.0,
      7.0,
      8.0
    ],
    "ct_src_ltm": [
      1.0,
      2.0,
      3.0,
      5.0,
      8.0,
      10.0
    ]
  },
  "categories": {
    "protocol": [
      "tcp",
      "udp",
      "arp",
      "ospf",
      "icmp"
    ],
    "state": [
      "FIN",
      "CON",
      "INT",
      "REQ",
      "RST",
      "ACC"
    ],
    "service": [
      "-",
      "dns",
      "http",
      "ftp",
      "ftp-data",
      "smtp",
      "ssh"
    ]
  },
  "agent_attacks": {
    "A": [
      "dos",
      "fuzzers",
      "exploits"
    ],
    "B": [
      "backdoor",
      "shellcode",
      "reconnaissance"
    ],
    "C": [
      "worms",
      "analysis",
      "generic"
    ]
  }
}